Node Id,Row Size (bytes),AverageHdfsReadThreadConcurrency,AverageScannerThreadConcurrency,BytesRead,BytesReadDataNodeCache,BytesReadLocal,BytesReadShortCircuit,DecompressionTime,MaxCompressedTextFileLength,NumColumns,NumDisksAccessed,NumScannerThreadsStarted,PeakMemoryUsage,PerReadThreadRawHdfsThroughput,RowsRead,RowsReturned,RowsReturnedRate,ScanRangesComplete,ScannerThreadsInvoluntaryContextSwitches,ScannerThreadsTotalWallClockTime,DelimiterParseTime,MaterializeTupleTime(*),ScannerThreadsSysTime,ScannerThreadsUserTime,ScannerThreadsVoluntaryContextSwitches,TotalRawHdfsReadTime(*),TotalReadThroughput,Parser Delimiter Cost (Bytes/NS),Materialize Tuple Cost (Bytes/NS)
0,44,10.93,21.62,8037977697,0,8037977697,8037977697,0.0,0,0,8,23,863137976,23490000000.0,415123225,105776160,4500000.0,184,1456,646000000000.0,0,119000000000.0,7497000000.0,121000000000.0,183397,326000000000.0,251330000000.0,0.0,0.026770077017983975
0,44,10.90,30.70,8555123650,0,8555123650,8555123650,0.0,0,0,8,35,1478683944,30100000000.0,441795716,112516875,6100000.0,196,5010,763000000000.0,0,138000000000.0,12118000000.0,139000000000.0,138603,271000000000.0,325860000000.0,0.0,0.04437817177123053
0,44,12.02,31.33,7003174757,0,7003174757,7003174757,0.0,0,0,8,35,1119267280,26160000000.0,361839252,92207251,5670000.0,160,3456,674000000000.0,0,110000000000.0,9767000000.0,112000000000.0,203506,255000000000.0,303300000000.0,0.0,0.0389452571099147
0,44,11.88,31.86,8007564971,0,8007564971,8007564971,0.0,0,0,8,35,1291946760,30560000000.0,413644921,105382894,6890000.0,184,4883,675000000000.0,0,124000000000.0,16778000000.0,126000000000.0,215058,249000000000.0,347120000000.0,0.0,0.056407159587002466
4,36,0.00,1.00,7823908,0,7823908,7823908,0.0,0,0,1,1,15368176,26570000000.0,360000,360000,522309.99999999994,1,0,780596000.0,0,93515000.0,3999000.0,20996000.0,232,280838000.0,0.0,0.0,0.003849649788803935
3,22,0.00,0.00,110802,0,110802,110802,0.0,0,0,1,1,190280,2631680000000.0,1350,245,703.0,1,0,57266000.0,0,206620.0,0.0,0.0,6,40197.0,0.0,0.0,0.006533733423676314
2,8,0.00,1.00,527443,0,527443,527443,0.0,0,0,1,1,1337344,8400000000.0,73049,365,931.0,1,0,391449000.0,0,5638000.0,0.0,4999000.0,6,59897000.0,0.0,0.0,0.01295654487406882
1,64,0.00,1.00,9273781,0,9273781,9273781,0.0,0,0,1,1,11272192,86190000000.0,1920800,27440,57640.0,1,1,480222000.0,0,314838000.0,1999000.0,312952000.0,8,102607000.0,17690000000.0,0.0,0.006100915391407644

