Node Id,Row Size (bytes),AverageHdfsReadThreadConcurrency,AverageScannerThreadConcurrency,BytesRead,BytesReadDataNodeCache,BytesReadLocal,BytesReadShortCircuit,DecompressionTime,MaxCompressedTextFileLength,NumColumns,NumDisksAccessed,NumScannerThreadsStarted,PeakMemoryUsage,PerReadThreadRawHdfsThroughput,RowsRead,RowsReturned,RowsReturnedRate,ScanRangesComplete,ScannerThreadsInvoluntaryContextSwitches,ScannerThreadsTotalWallClockTime,DelimiterParseTime,MaterializeTupleTime(*),ScannerThreadsSysTime,ScannerThreadsUserTime,ScannerThreadsVoluntaryContextSwitches,TotalRawHdfsReadTime(*),TotalReadThroughput,Parser Delimiter Cost (Bytes/NS),Materialize Tuple Cost (Bytes/NS)
1,16,8.59,19.79,4851062353,0,4851062353,4851062353,0.0,0,0,8,22,509141424,31110000000.0,405179897,78983444,6510000.0,180,667,334000000000.0,0,48585000000.0,5197000000.0,25078000000.0,242344,148000000000.0,262490000000.0,0.0,0.05534562104372855
1,16,11.09,19.18,4634901288,0,4634901288,4634901288,0.0,0,0,8,22,521806464,23940000000.0,387119322,72174594,5830000.0,172,324,327000000000.0,0,46663000000.0,960842000.0,21995000000.0,77096,184000000000.0,251960000000.0,0.0,0.04981179766770159
1,16,8.33,28.10,4097513283,0,4097513283,4097513283,0.0,0,0,8,34,809047560,30990000000.0,342239527,99861024,11150000.0,152,573,420000000000.0,0,95000000000.0,5847000000.0,20701000000.0,219996,126000000000.0,251760000000.0,0.0,0.07008098476298752
1,16,8.35,29.50,3125955226,0,3125955226,3125955226,0.0,0,0,8,34,918690544,35810000000.0,261090129,87908807,17430000.0,116,316,297000000000.0,0,110000000000.0,5339000000.0,15823000000.0,202346,83000000000.0,281080000000.0,0.0,0.1348158634667176
2,44,0.50,1.00,3058913,0,3058913,3058913,0.0,0,0,1,1,4628480,11610000000.0,360000,367,368.0,1,0,995798000.0,0,46140000.0,0.0,45993000.0,8,251318000.0,1600000000.0,0.0,0.007802340702210663
0,12,0.00,1.00,532336,0,532336,532336,0.0,0,0,1,1,1345536,14160000000.0,73049,155,559.0,1,0,276653000.0,0,9240000.0,0.0,8998000.0,5,35858000.0,0.0,0.0,0.007905735930735932

