Node Id,Row Size (bytes),AverageHdfsReadThreadConcurrency,AverageScannerThreadConcurrency,BytesRead,BytesReadDataNodeCache,BytesReadLocal,BytesReadShortCircuit,DecompressionTime,MaxCompressedTextFileLength,NumColumns,NumDisksAccessed,NumScannerThreadsStarted,PeakMemoryUsage,PerReadThreadRawHdfsThroughput,RowsRead,RowsReturned,RowsReturnedRate,ScanRangesComplete,ScannerThreadsInvoluntaryContextSwitches,ScannerThreadsTotalWallClockTime,DelimiterParseTime,MaterializeTupleTime(*),ScannerThreadsSysTime,ScannerThreadsUserTime,ScannerThreadsVoluntaryContextSwitches,TotalRawHdfsReadTime(*),TotalReadThroughput,Parser Delimiter Cost (Bytes/NS),Materialize Tuple Cost (Bytes/NS)
1,16,5.92,19.58,1078416636,0,1078416636,1078416636,0.0,0,0,8,22,600945024,30050000000.0,90073286,81088252,143830000.0,40,70,119000000000.0,0,77000000000.0,718880000.0,5667000000.0,123100,34219000000.0,155320000000.0,0.0,0.15976559462489182
1,16,4.92,17.67,862919007,0,862919007,862919007,0.0,0,0,8,22,735319016,26150000000.0,72072661,67777342,118540000.0,32,75,113000000000.0,0,87000000000.0,854861000.0,4949000000.0,77887,31470000000.0,137160000000.0,0.0,0.12605073848979056
1,16,4.00,20.27,755457580,0,755457580,755457580,0.0,0,0,8,28,712188752,32400000000.0,63099358,62433079,128250000.0,28,11,116000000000.0,0,82000000000.0,81975000.0,3171000000.0,61308,22233000000.0,130990000000.00002,0.0,0.1296188386773403
1,16,2.70,17.30,646787460,0,646787460,646787460,0.0,0,0,8,24,614739968,47550000000.0,54022007,54022007,186110000.0,24,11,91000000000.0,0,67000000000.0,98974000.0,3075000000.0,53162,12973000000.0,123360000000.0,0.0,0.18610566150835756
2,34,0.00,1.00,2363289,0,2363289,2363289,0.0,0,0,1,1,4145152,14120000000.0,360000,6463,4170.0,1,5,1549000000.0,0,46769000.0,999000.0,45993000.0,8,159626000.0,1300000000.0,0.0,0.007697406401676324
0,12,0.00,1.00,532336,0,532336,532336,0.0,0,0,1,1,1345536,14070000000.0,73049,31,79.0,1,0,388425000.0,0,6997000.0,999000.0,5999000.0,7,36900000.0,0.0,0.0,0.01044004573388595

