Node Id,Row Size (bytes),AverageHdfsReadThreadConcurrency,AverageScannerThreadConcurrency,BytesRead,BytesReadDataNodeCache,BytesReadLocal,BytesReadShortCircuit,DecompressionTime,MaxCompressedTextFileLength,NumColumns,NumDisksAccessed,NumScannerThreadsStarted,PeakMemoryUsage,PerReadThreadRawHdfsThroughput,RowsRead,RowsReturned,RowsReturnedRate,ScanRangesComplete,ScannerThreadsInvoluntaryContextSwitches,ScannerThreadsTotalWallClockTime,DelimiterParseTime,MaterializeTupleTime(*),ScannerThreadsSysTime,ScannerThreadsUserTime,ScannerThreadsVoluntaryContextSwitches,TotalRawHdfsReadTime(*),TotalReadThroughput,Parser Delimiter Cost (Bytes/NS),Materialize Tuple Cost (Bytes/NS)
1,16,1.03,33.45,1091056216,0,1091056216,1091056216,0.0,0,0,8,35,376836616,27440000000.0,441795716,252599103,186420000.0,196,428,1092000000000.0,0,1028000000000.0,440917000.0,40867000000.0,261985,37918000000.0,31530000000.0,0.0,1.6354746236767648
1,16,1.29,22.25,1027392989,0,1027392989,1027392989,0.0,0,0,8,23,248778832,21510000000.0,415123225,237383495,167450000.0,184,475,727000000000.0,0,665000000000.0,480914000.0,39032000000.0,236641,45541000000.0,29690000000.0,0.0,1.0472945505365798
1,16,1.30,33.75,1023818774,0,1023818774,1023818774,0.0,0,0,8,35,376832936,25850000000.0,413644921,236523299,161300000.0,184,421,1019000000000.0,0,954000000000.0,442918000.0,39657000000.0,235706,37770000000.0,32009999999.999996,0.0,0.9214071038812572
1,16,1.42,33.25,898014030,0,898014030,898014030,0.0,0,0,8,35,376838192,20650000000.0,361839252,206930421,161470000.0,160,424,918000000000.0,0,849000000000.0,418920000.0,34765000000.0,205253,41473000000.0,30590000000.0,0.0,0.9304095223379428
2,64,0.00,0.00,126224,0,126224,126224,0.0,0,0,1,1,260952,2478080000000.0,1350,638,8180.0,1,0,77809000.0,0,254861.0,0.0,0.0,7,48669.0,0.0,0.0,0.005297005034116636
0,31,0.00,1.00,555109,0,555109,555109,0.0,0,0,1,1,1517568,14780000000.0,73049,364,1010.0,1,0,359485000.0,0,7181000.0,0.0,7998000.0,6,35810000.0,0.0,0.0,0.010172538643642946

