Node Id,Row Size (bytes),AverageHdfsReadThreadConcurrency,AverageScannerThreadConcurrency,BytesRead,BytesReadDataNodeCache,BytesReadLocal,BytesReadShortCircuit,DecompressionTime,MaxCompressedTextFileLength,NumColumns,NumDisksAccessed,NumScannerThreadsStarted,PeakMemoryUsage,PerReadThreadRawHdfsThroughput,RowsRead,RowsReturned,RowsReturnedRate,ScanRangesComplete,ScannerThreadsInvoluntaryContextSwitches,ScannerThreadsTotalWallClockTime,DelimiterParseTime,MaterializeTupleTime(*),ScannerThreadsSysTime,ScannerThreadsUserTime,ScannerThreadsVoluntaryContextSwitches,TotalRawHdfsReadTime(*),TotalReadThroughput,Parser Delimiter Cost (Bytes/NS),Materialize Tuple Cost (Bytes/NS)
1,16,5.60,28.50,1078416636,0,1078416636,1078416636,0.0,0,0,8,35,767149416,35020000000.0,90073286,71922292,92620000.0,40,204,149000000000.0,0,85000000000.0,1913000000.0,6904000000.0,119620,29371000000.0,186990000000.0,0.0,0.1159893711408575
1,16,6.78,18.78,862919007,0,862919007,862919007,0.0,0,0,8,23,514222120,26680000000.0,72072661,57547917,99430000.0,32,297,78000000000.0,0,47331000000.0,1360000000.0,5370000000.0,82666,30843000000.0,182880000000.0,0.0,0.12452191363090559
1,16,6.12,21.62,755457580,0,755457580,755457580,0.0,0,0,8,28,430180208,29650000000.0,63099358,50379083,77170000.0,28,242,81000000000.0,0,34249000000.0,3889000000.0,5789000000.0,227514,24301000000.0,180120000000.0,0.0,0.09665422556354122
1,16,3.00,17.12,646787460,0,646787460,646787460,0.0,0,0,8,24,388773696,47500000000.0,54022007,43130270,81090000.0,24,157,63000000000.0,0,33193000000.0,2287000000.0,5018000000.0,119557,12984000000.0,154210000000.0,0.0,0.10157032760008121
2,44,1.00,1.00,2920513,0,2920513,2920513,0.0,0,0,1,1,4669440,17110000000.0,360000,6463,21490.0,1,0,301941000.0,0,46291000.0,0.0,45993000.0,7,162821000.0,4070000000.0000005,0.0,0.007776889676178955
0,12,1.00,1.00,532336,0,532336,532336,0.0,0,0,1,1,1345536,7530000000.0,73049,31,78.0,1,0,394684000.0,0,7104000.0,0.0,6998000.0,7,67402000.0,1000000000.0,0.0,0.010282798423423424

