Node Id,Row Size (bytes),AverageHdfsReadThreadConcurrency,AverageScannerThreadConcurrency,BytesRead,BytesReadDataNodeCache,BytesReadLocal,BytesReadShortCircuit,DecompressionTime,MaxCompressedTextFileLength,NumColumns,NumDisksAccessed,NumScannerThreadsStarted,PeakMemoryUsage,PerReadThreadRawHdfsThroughput,RowsRead,RowsReturned,RowsReturnedRate,ScanRangesComplete,ScannerThreadsInvoluntaryContextSwitches,ScannerThreadsTotalWallClockTime,DelimiterParseTime,MaterializeTupleTime(*),ScannerThreadsSysTime,ScannerThreadsUserTime,ScannerThreadsVoluntaryContextSwitches,TotalRawHdfsReadTime(*),TotalReadThroughput,Parser Delimiter Cost (Bytes/NS),Materialize Tuple Cost (Bytes/NS)
1,20,7.81,33.19,3027252328,0,3027252328,3027252328,0.0,0,0,8,35,755003416,24430000000.0,464177126,458937292,168730000.0,207,2143,512000000000.0,0,324000000000.0,19663000000.0,74000000000.0,607730,118000000000.0,186260000000.0,0.0,0.17071611842589188
1,20,8.29,20.61,2572137997,0,2572137997,2572137997,0.0,0,0,8,23,474339184,20940000000.0,394228839,389779714,121690000.0,176,895,287000000000.0,0,126000000000.0,11733000000.0,62000000000.0,473820,117000000000.0,168560000000.0,0.0,0.6085558284040505
1,20,6.30,32.81,2623737258,0,2623737258,2623737258,0.0,0,0,8,35,754617784,30550000000.0,402698924,398156299,165180000.0,176,1880,438000000000.0,0,305000000000.0,14942000000.0,65000000000.0,545142,81000000000.0,184910000000.0,0.0,0.16709498921161825
1,20,6.96,31.96,2480151764,0,2480151764,2480151764,0.0,0,0,8,35,736943200,24670000000.0,380079486,375788373,180970000.0,169,1653,413000000000.0,0,268000000000.0,10653000000.0,59840000000.0,452553,95000000000.0,181940000000.0,0.0,0.18308260404624277
3,4,0.00,0.00,109706,0,109706,109706,0.0,0,0,1,1,155648,2754560000000.0,1350,1350,24420.0,1,0,55175000.0,0,57222.0,0.0,0.0,5,38240.0,0.0,0.0,0.023592324630386914
2,12,0.00,1.00,545319,0,545319,545319,0.0,0,0,1,1,1372160,10620000000.0,73049,365,525.0,1,0,408917000.0,0,6765000.0,0.0,6998000.0,7,48959000.0,0.0,0.0,0.010798078344419808
0,86,0.00,1.00,3106062,0,3106062,3106062,0.0,0,0,1,1,4997120,22460000000.0,360000,18528,28040.0,1,1,379235000.0,0,90481000.0,0.0,90986000.0,8,131901000.00000001,2960000000.0,0.0,0.003978735867198638

