Node Id,Row Size (bytes),AverageHdfsReadThreadConcurrency,AverageScannerThreadConcurrency,BytesRead,BytesReadDataNodeCache,BytesReadLocal,BytesReadShortCircuit,DecompressionTime,MaxCompressedTextFileLength,NumColumns,NumDisksAccessed,NumScannerThreadsStarted,PeakMemoryUsage,PerReadThreadRawHdfsThroughput,RowsRead,RowsReturned,RowsReturnedRate,ScanRangesComplete,ScannerThreadsInvoluntaryContextSwitches,ScannerThreadsTotalWallClockTime,DelimiterParseTime,MaterializeTupleTime(*),ScannerThreadsSysTime,ScannerThreadsUserTime,ScannerThreadsVoluntaryContextSwitches,TotalRawHdfsReadTime(*),TotalReadThroughput,Parser Delimiter Cost (Bytes/NS),Materialize Tuple Cost (Bytes/NS)
1,16,5.91,30.91,1078980708,0,1078980708,1078980708,0.0,0,0,8,34,926381112,32920000000.0,90119320,79222950,125380000.0,40,25,175000000000.0,0,123000000000.0,116966000.0,5189000000.0,79050,31253000000.0,171500000000.0,0.0,0.1426301953503978
1,16,7.44,20.11,862787088,0,862787088,862787088,0.0,0,0,7,22,685229368,25100000000.0,72064414,62644387,110630000.0,32,71,92000000000.0,0,66000000000.0,122973000.0,4174000000.0,62770,32779000000.0,164560000000.0,0.0,0.1272671970613427
1,16,2.78,21.00,755284053,0,755284053,755284053,0.0,0,0,8,22,747774856,54920000000.0,63084564,57433619,101440000.0,28,27,92000000000.0,0,71000000000.0,99973000.0,3659000000.0,56667,13114000000.0,144060000000.0,0.0,0.11142572214823424
1,16,3.50,20.00,647187595,0,647187595,647187595,0.0,0,0,8,24,659895632,47520000000.0,54054619,52794745,89190000.0,24,29,82000000000.0,0,62000000000.0,134965000.0,3337000000.0,52173,12988000000.0,137160000000.0,0.0,0.09131819602423906
2,44,0.00,1.00,2920513,0,2920513,2920513,0.0,0,0,1,1,4669440,10960000000.0,360000,3260,2500.0,1,0,1302000000.0,0,47475000.0,0.0,47992000.0,8,254191000.0,1650000000.0,0.0,0.007582938388625593
0,12,0.00,1.00,532336,0,532336,532336,0.0,0,0,1,1,1345536,7500000000.0,73049,31,76.0,1,0,405135000.0,0,7910000.0,0.0,6998000.0,7,67660000.0,0.0,0.0,0.009235018963337548

