Node Id,Row Size (bytes),AverageHdfsReadThreadConcurrency,AverageScannerThreadConcurrency,BytesRead,BytesReadDataNodeCache,BytesReadLocal,BytesReadShortCircuit,DecompressionTime,MaxCompressedTextFileLength,NumColumns,NumDisksAccessed,NumScannerThreadsStarted,PeakMemoryUsage,PerReadThreadRawHdfsThroughput,RowsRead,RowsReturned,RowsReturnedRate,ScanRangesComplete,ScannerThreadsInvoluntaryContextSwitches,ScannerThreadsTotalWallClockTime,DelimiterParseTime,MaterializeTupleTime(*),ScannerThreadsSysTime,ScannerThreadsUserTime,ScannerThreadsVoluntaryContextSwitches,TotalRawHdfsReadTime(*),TotalReadThroughput,Parser Delimiter Cost (Bytes/NS),Materialize Tuple Cost (Bytes/NS)
1,20,6.65,32.71,3027252328,0,3027252328,3027252328,0.0,0,0,8,35,756593544,27630000000.0,464177126,458937292,171250000.0,207,1798,507000000000.0,0,351000000000.0,12913000000.0,74000000000.0,558622,104000000000.0,180440000000.0,0.0,0.17326507129525942
1,20,5.28,32.86,2623737258,0,2623737258,2623737258,0.0,0,0,8,35,753818320,31440000000.0,402698924,398156299,179300000.0,176,1815,478000000000.0,0,355000000000.0,12143000000.0,63000000000.0,483754,79000000000.0,166810000000.0,0.0,0.1813959117117117
1,20,8.57,20.75,2572137997,0,2572137997,2572137997,0.0,0,0,8,23,489644384,20720000000.0,394228839,389779714,132280000.0,176,996,294000000000.0,0,144000000000.0,16011000000.0,60000000000.0,519010,118000000000.0,169170000000.0,0.0,1.0087468640461623
1,20,7.76,32.72,2480151764,0,2480151764,2480151764,0.0,0,0,8,35,739653200,24510000000.0,380079486,375788373,182630000.0,169,1534,406000000000.0,0,280000000000.0,10357000000.0,61000000000.0,471777,96000000000.0,181940000000.0,0.0,0.18477369275644143
3,4,0.00,0.00,109706,0,109706,109706,0.0,0,0,1,1,155648,2416640000000.0,1350,1350,22940.0,1,0,58713000.0,0,60649.0,0.0,0.0,3,43215.0,0.0,0.0,0.022259229336015433
2,12,0.00,0.00,547751,0,547751,547751,0.0,0,0,1,1,1376256,14770000000.0,73049,365,917.0,1,1,103170000.0,0,6768000.0,0.0,5999000.0,7,35370000.0,0.0,0.0,0.01079329196217494
0,86,0.00,1.00,2967662,0,2967662,2967662,0.0,0,0,1,1,4997120,19390000000.0,360000,18528,29770.0,1,10,328835000.0,0,88676000.0,0.0,88986000.0,8,145924000.0,0.0,0.0,0.004059723036672832

