Node Id,Row Size (bytes),AverageHdfsReadThreadConcurrency,AverageScannerThreadConcurrency,BytesRead,BytesReadDataNodeCache,BytesReadLocal,BytesReadShortCircuit,DecompressionTime,MaxCompressedTextFileLength,NumColumns,NumDisksAccessed,NumScannerThreadsStarted,PeakMemoryUsage,PerReadThreadRawHdfsThroughput,RowsRead,RowsReturned,RowsReturnedRate,ScanRangesComplete,ScannerThreadsInvoluntaryContextSwitches,ScannerThreadsTotalWallClockTime,DelimiterParseTime,MaterializeTupleTime(*),ScannerThreadsSysTime,ScannerThreadsUserTime,ScannerThreadsVoluntaryContextSwitches,TotalRawHdfsReadTime(*),TotalReadThroughput,Parser Delimiter Cost (Bytes/NS),Materialize Tuple Cost (Bytes/NS)
0,44,10.67,21.27,8432525213,0,8432525213,8432525213,0.0,0,0,8,23,921149832,24700000000.0,415123225,413366599,30540000.0,184,2306,640000000000.0,0,142000000000.0,13140000000.0,137000000000.0,233854,325000000000.0,263670000000.00003,0.0,0.0804808258047356
0,44,9.86,29.12,8977422499,0,8977422499,8977422499,0.0,0,0,8,35,1597770144,30320000000.0,441795716,439927350,44820000.0,196,4647,844000000000.0,0,208000000000.0,22169000000.0,171000000000.0,325157,282000000000.0,290220000000.0,0.0,0.49267307089700735
0,44,11.15,31.63,8400763903,0,8400763903,8400763903,0.0,0,0,8,35,1335993368,30910000000.0,413644921,411897520,67099999.99999999,184,5247,726000000000.0,0,169000000000.0,22598000000.0,149000000000.0,292078,259000000000.0,340920000000.0,0.0,0.06739083105246009
0,44,11.93,31.77,7344454310,0,7344454310,7344454310,0.0,0,0,8,35,1248344192,26670000000.0,361839252,360314105,65410000.0,160,2322,696000000000.0,0,151000000000.0,15301000000.0,133000000000.0,218332,262000000000.0,311300000000.0,0.0,0.0656934008714597
4,38,0.00,0.00,112381,0,112381,112381,0.0,0,0,1,1,269408,2560000000000.0,1800,1792,11790.0,1,0,151966000.0,0,295321.0,0.0,0.0,6,41847.0,0.0,0.0,0.006095062660630297
3,36,0.50,1.00,7823908,0,7823908,7823908,0.0,0,0,1,1,15368176,26550000000.0,360000,360000,517350.0,1,0,776357000.0,0,81725000.0,2999000.0,21996000.0,226,280991000.0,1600000000.0,0.0,0.004405016824717039
2,8,0.00,1.00,527443,0,527443,527443,0.0,0,0,1,1,1337344,13980000000.0,73049,365,971.0,1,0,375462000.0,0,5649000.0,0.0,5999000.0,5,35983000.0,0.0,0.0,0.012931315277040185
1,64,0.00,1.00,9273781,0,9273781,9273781,0.0,0,0,1,1,11272192,50040000000.0,1920800,27440,32890.0,1,0,839567000.0,0,312811000.0,999000.0,311952000.0,8,176739000.0,8840000000.0,0.0,0.0061404490251301905

