Node Id,Row Size (bytes),AverageHdfsReadThreadConcurrency,AverageScannerThreadConcurrency,BytesRead,BytesReadDataNodeCache,BytesReadLocal,BytesReadShortCircuit,DecompressionTime,MaxCompressedTextFileLength,NumColumns,NumDisksAccessed,NumScannerThreadsStarted,PeakMemoryUsage,PerReadThreadRawHdfsThroughput,RowsRead,RowsReturned,RowsReturnedRate,ScanRangesComplete,ScannerThreadsInvoluntaryContextSwitches,ScannerThreadsTotalWallClockTime,DelimiterParseTime,MaterializeTupleTime(*),ScannerThreadsSysTime,ScannerThreadsUserTime,ScannerThreadsVoluntaryContextSwitches,TotalRawHdfsReadTime(*),TotalReadThroughput,Parser Delimiter Cost (Bytes/NS),Materialize Tuple Cost (Bytes/NS)
1,20,3.03,22.45,3111415290,0,3111415290,3111415290,0.0,0,0,8,23,552803664,31490000000.0,477384745,476063615,204740000.0,212,1220,692000000000.0,0,577000000000.0,9992000000.0,71000000000.0,569821,94000000000.0,94200000000.0,0.0,0.20532677204301075
1,20,2.96,33.80,2887855357,0,2887855357,2887855357,0.0,0,0,8,35,781457104,32369999999.999996,442824197,441599512,186000000.0,198,1595,947000000000.0,0,827000000000.0,8665000000.0,67000000000.0,493258,85000000000.0,96630000000.0,0.0,0.18653083277169336
1,20,2.96,32.88,2438956834,0,2438956834,2438956834,0.0,0,0,8,35,802118280,30180000000.0,373833124,372799014,186790000.0,167,1564,817000000000.0,0,682000000000.0,9784000000.0,58782000000.0,632501,77000000000.0,93040000000.0,0.0,0.18738502456140352
1,20,3.19,33.44,2382335579,0,2382335579,2382335579,0.0,0,0,8,35,817908688,29440000000.0,365126814,364118610,170100000.0,160,1368,798000000000.0,0,679000000000.0,12496000000.0,57517000000.0,442139,77000000000.0,94670000000.0,0.0,0.17062000654205609
3,47,0.00,0.00,110641,0,110641,110641,0.0,0,0,1,1,255816,2631680000000.0,1350,1350,37550.0,1,0,35836000.0,0,137261.0,0.0,0.0,5,40115.0,0.0,0.0,0.009835277318393426
2,12,0.00,1.00,532336,0,532336,532336,0.0,0,0,1,1,1345536,6520000000.0,73049,366,525.0,1,0,412990000.0,0,5680000.0,0.0,5999000.0,8,77899000.0,0.0,0.0,0.012860739436619719
0,82,0.00,0.00,2647936,0,2647936,2647936,0.0,0,0,1,1,4456448,10990000000.0,360000,26668,40170.0,1,1,379777000.0,0,67178000.0,0.0,67989000.0,8,229748000.0,0.0,0.0,0.005358897258030903

