Node Id,Row Size (bytes),AverageHdfsReadThreadConcurrency,AverageScannerThreadConcurrency,BytesRead,BytesReadDataNodeCache,BytesReadLocal,BytesReadShortCircuit,DecompressionTime,MaxCompressedTextFileLength,NumColumns,NumDisksAccessed,NumScannerThreadsStarted,PeakMemoryUsage,PerReadThreadRawHdfsThroughput,RowsRead,RowsReturned,RowsReturnedRate,ScanRangesComplete,ScannerThreadsInvoluntaryContextSwitches,ScannerThreadsTotalWallClockTime,DelimiterParseTime,MaterializeTupleTime(*),ScannerThreadsSysTime,ScannerThreadsUserTime,ScannerThreadsVoluntaryContextSwitches,TotalRawHdfsReadTime(*),TotalReadThroughput,Parser Delimiter Cost (Bytes/NS),Materialize Tuple Cost (Bytes/NS)
0,16,0.81,10.88,357586880,0,357586880,357586880,0.0,0,0,6,12,385725696,56870000000.0,29886462,29886462,79370000.0,12,92,85000000000.0,0,66000000000.0,9449000000.0,2653000000.0,167222,5996000000.0,42630000000.0,0.0,0.07936516813651681
0,16,0.69,7.46,250090649,0,250090649,250090649,0.0,0,0,5,8,278340256,68319999999.99999,20906979,20906979,56820000.0,8,535,48253000000.0,0,37261000000.0,6212000000.0,1972000000.0,121762,3491000000.0,34070000000.0,0.0,0.056817692395493065
0,16,1.50,7.42,249884686,0,249884686,249884686,0.0,0,0,5,8,270021816,29130000000.0,20891093,20891093,52560000.0,8,178,44614000000.0,0,32050000000.0,6040000000.0,2112000000.0,178270,8182000000.0,36660000000.0,0.0,67.61130494959697
0,16,0.50,5.60,187424192,0,187424192,187424192,0.0,0,0,5,6,209592992,64519999999.99999,15668134,15668134,47920000.0,6,18,27954000000.0,0,20093000000.0,4186000000.0,1826000000.0,153168,2770000000.0,32500000000.0,0.0,0.539605609298773
2,30,0.00,1.00,1680049,0,1680049,1680049,0.0,0,0,1,1,3964920,46940000000.0,73049,31,281.0,1,0,109812000.0,0,7958000.0,0.0,8998000.0,6,34133000.0,0.0,0.0,0.009179316411158583
1,206,1.00,1.00,44466670,0,44466670,44466670,0.0,0,0,1,1,60309480,50960000000.0,360000,107575,98470.0,1,1,904234000.0,0,71316000.0,2999000.0,79987000.0,12,832810000.0,24610000000.0,0.0,0.005047955577990914

