Node Id,Row Size (bytes),AverageHdfsReadThreadConcurrency,AverageScannerThreadConcurrency,BytesRead,BytesReadDataNodeCache,BytesReadLocal,BytesReadShortCircuit,DecompressionTime,MaxCompressedTextFileLength,NumColumns,NumDisksAccessed,NumScannerThreadsStarted,PeakMemoryUsage,PerReadThreadRawHdfsThroughput,RowsRead,RowsReturned,RowsReturnedRate,ScanRangesComplete,ScannerThreadsInvoluntaryContextSwitches,ScannerThreadsTotalWallClockTime,DelimiterParseTime,MaterializeTupleTime(*),ScannerThreadsSysTime,ScannerThreadsUserTime,ScannerThreadsVoluntaryContextSwitches,TotalRawHdfsReadTime(*),TotalReadThroughput,Parser Delimiter Cost (Bytes/NS),Materialize Tuple Cost (Bytes/NS)
0,36,11.19,22.02,34737522941,0,34737522941,34737522941,0.0,0,0,8,23,811560224,26320000000.0,2120958263,2120958263,87230000.0,951,4582,2472000000000.0,0,709000000000.0,17813000000.0,496000000000.0,2073521,1258000000000.0,294460000000.0,0.0,0.08723556381359766
0,36,8.13,33.34,34458833009,0,34458833009,34458833009,0.0,0,0,8,35,1679089696,38800000000.0,2104293718,2104293718,137010000.0,930,11585,3458000000000.0,0,2539000000000.0,50411000000.0,507000000000.0,2363380,846000000000.0,315990000000.0,0.0,0.13701612957416331
0,36,9.09,34.44,34488606430,0,34488606430,34488606430,0.0,0,0,8,35,1749093624,37950000000.0,2105761733,2105761733,210860000.0,937,9592,3313000000000.0,0,2560000000000.0,7899000000.0,517000000000.0,2279656,866000000000.0,340840000000.0,0.0,0.21087139325055076
0,36,8.19,33.60,31469959496,0,31469959496,31469959496,0.0,0,0,8,35,1718238400,40950000000.0,1920110675,1920110675,160500000.0,843,9123,3063000000000.0,0,2239000000000.0,32709000000.0,469000000000.0,2143413,732000000000.0,327890000000.0,0.0,0.16051752842334058

